SnapshotDate,ConsultantID,Name,MiddleName,Surname,ClientName,ProjectName,Title,YearsOfExperience
2024-04-19,1,Robert,,Brown,Eneco,Beta,Project Manager,2
2024-04-19,2,Michael,,Miller,Eneco,Theta,Senior ML Engineer,19
2024-04-19,3,John,,Johnson,Ikea,Zeta,Research Assistant,4
2024-04-19,4,John,,Moore,Liander,Epsilon,Senior ML Engineer,4
2024-04-19,5,Linda,,Smith,Ayvens,Epsilon,Software Developer,18
2024-04-19,6,James,Jay,Smith,Politie,Delta,Lead Data Engineer,4
2024-04-19,7,Linda,,Johnson,KLM,Delta,Project Manager,6
2024-04-19,8,James,,Williams,Skoon,Gamma,Project Manager,5
2024-04-19,9,Patricia,Lynn,Brown,Liander,Delta,Lead Data Engineer,3
2024-04-19,10,Jennifer,Jay,Smith,Internal,Epsilon,Data Analyst,7
2024-04-19,11,Mary,,Smith,Eneco,Kappa,Lead Data Engineer,2
2024-04-19,12,William,Ray,Taylor,Liander,Epsilon,Project Manager,3
2024-04-19,13,Linda,,Moore,Internal,Kappa,Senior Data Engineer,9
2024-04-19,14,Linda,Beth,Moore,Politie,Gamma,Research Assistant,20
2024-04-19,15,Linda,,Taylor,Skoon,Delta,Senior Data Engineer,5
2024-04-19,16,Michael,,Wilson,Internal,Alpha,Research Assistant,17
2024-04-19,17,William,,Williams,KLM,Beta,Senior ML Engineer,13
2024-04-19,18,Patricia,,Davis,Internal,Kappa,Senior Data Engineer,15
2024-04-19,19,Linda,,Johnson,Ikea,Alpha,Research Assistant,14
2024-04-19,20,Jennifer,,Jones,Liander,Epsilon,Project Manager,18
2024-04-19,21,Robert,,Davis,Internal,Zeta,Project Manager,18
2024-04-19,22,Patricia,,Williams,Liander,Gamma,Research Assistant,20
2024-04-19,23,John,,Taylor,Liander,Zeta,Lead Data Engineer,4
2024-04-19,24,Robert,,Wilson,Skoon,Iota,Senior Data Scientist,9
2024-04-19,25,John,,Wilson,Ayvens,Alpha,Senior ML Engineer,13
2024-04-19,26,John,,Johnson,Politie,Alpha,Project Manager,8
2024-04-19,27,Michael,,Jones,Skoon,Alpha,Project Manager,5
2024-04-19,28,Michael,,Miller,Internal,Beta,Research Assistant,18
2024-04-19,29,James,,Williams,Internal,Delta,Lead Data Engineer,19
2024-04-19,30,Mary,,Davis,Eneco,Theta,Senior Data Engineer,8
2024-04-19,31,Elizabeth,,Davis,Eneco,Delta,Data Analyst,7
2024-04-19,32,John,Joe,Jones,Ayvens,Gamma,Senior Data Engineer,1
2024-04-19,33,Robert,,Williams,Ikea,Eta,Senior Data Engineer,10
2024-04-19,34,John,,Johnson,KLM,Iota,Senior ML Engineer,7
2024-04-19,35,Linda,,Davis,Ikea,Alpha,Lead Data Engineer,18
2024-04-19,36,Elizabeth,,Johnson,Liander,Theta,Research Assistant,20
2024-04-19,37,Robert,,Jones,Eneco,Eta,Project Manager,3
2024-04-19,38,Mary,,Davis,Ayvens,Iota,Lead Data Engineer,9
2024-04-19,39,Linda,,Johnson,Skoon,Delta,Senior Data Engineer,12
2024-04-19,40,Elizabeth,,Taylor,Ayvens,Theta,Senior ML Engineer,4
2024-04-19,41,Linda,,Williams,KLM,Theta,Software Developer,15
2024-04-19,42,Robert,,Brown,Eneco,Gamma,Data Analyst,18
2024-04-19,43,Mary,,Moore,Ayvens,Beta,Project Manager,14
2024-04-19,44,John,,Wilson,Internal,Delta,Lead Data Engineer,20
2024-04-19,45,Patricia,,Johnson,Liander,Kappa,Senior Data Engineer,18
2024-04-19,46,Patricia,,Wilson,KLM,Alpha,Senior Data Scientist,5
2024-04-19,47,Elizabeth,,Williams,Internal,Alpha,Research Assistant,7
2024-04-19,48,James,,Williams,Ikea,Zeta,Project Manager,11
2024-04-19,49,Robert,,Taylor,Internal,Eta,Lead Data Engineer,6
2024-04-19,50,James,,Taylor,Internal,Beta,Senior Data Scientist,13
