Date,SessionID,Name,Surname,Company,Email
2024-01-01,d91953a5,John,Jones,TechCo,john.jones@techco.com
2024-01-01,d91953a5,John,Davis,TechCo,john.davis@techco.com
2024-01-01,d91953a5,Patricia,Johnson,GlobalSolutions,patricia.johnson@globalsolutions.com
2024-01-01,d91953a5,Robert,Johnson,DataInsights,robert.johnson@datainsights.com
2024-01-01,d91953a5,Robert,Johnson,FutureTech,robert.johnson@futuretech.com
2024-01-01,d91953a5,John,Johnson,TechCo,john.johnson@techco.com
2024-01-01,d91953a5,Jennifer,Davis,GlobalSolutions,jennifer.davis@globalsolutions.com
2024-01-01,d91953a5,Mary,Smith,TechCo,mary.smith@techco.com
2024-01-01,d91953a5,John,Jones,TechCo,john.jones@techco.com
2024-01-01,d91953a5,Mary,Williams,DataInsights,mary.williams@datainsights.com
2024-01-08,c29843fd,John,Williams,FutureTech,john.williams@futuretech.com
2024-01-08,c29843fd,Robert,Johnson,TechCo,robert.johnson@techco.com
2024-01-08,c29843fd,Mary,Johnson,GlobalSolutions,mary.johnson@globalsolutions.com
2024-01-08,c29843fd,Mary,Jones,GlobalSolutions,mary.jones@globalsolutions.com
2024-01-08,c29843fd,Robert,Davis,TechCo,robert.davis@techco.com
2024-01-08,c29843fd,James,Brown,GlobalSolutions,james.brown@globalsolutions.com
2024-01-08,c29843fd,John,Johnson,InnovateLtd,john.johnson@innovateltd.com
2024-01-08,c29843fd,Patricia,Johnson,TechCo,patricia.johnson@techco.com
2024-01-08,c29843fd,Patricia,Jones,GlobalSolutions,patricia.jones@globalsolutions.com
2024-01-08,c29843fd,Robert,Davis,InnovateLtd,robert.davis@innovateltd.com
2024-01-15,487aa2a5,Robert,Johnson,TechCo,robert.johnson@techco.com
2024-01-15,487aa2a5,Mary,Davis,TechCo,mary.davis@techco.com
2024-01-15,487aa2a5,Jennifer,Brown,FutureTech,jennifer.brown@futuretech.com
2024-01-15,487aa2a5,Patricia,Davis,FutureTech,patricia.davis@futuretech.com
2024-01-15,487aa2a5,Jennifer,Johnson,FutureTech,jennifer.johnson@futuretech.com
2024-01-15,487aa2a5,James,Johnson,GlobalSolutions,james.johnson@globalsolutions.com
2024-01-15,487aa2a5,Mary,Jones,InnovateLtd,mary.jones@innovateltd.com
2024-01-15,487aa2a5,John,Smith,TechCo,john.smith@techco.com
2024-01-15,487aa2a5,Jennifer,Brown,InnovateLtd,jennifer.brown@innovateltd.com
2024-01-15,487aa2a5,John,Jones,GlobalSolutions,john.jones@globalsolutions.com
2024-01-22,90c54a5b,John,Johnson,GlobalSolutions,john.johnson@globalsolutions.com
2024-01-22,90c54a5b,Mary,Davis,InnovateLtd,mary.davis@innovateltd.com
2024-01-22,90c54a5b,Mary,Smith,InnovateLtd,mary.smith@innovateltd.com
2024-01-22,90c54a5b,Mary,Williams,DataInsights,mary.williams@datainsights.com
2024-01-22,90c54a5b,Robert,Brown,TechCo,robert.brown@techco.com
2024-01-22,90c54a5b,Jennifer,Brown,FutureTech,jennifer.brown@futuretech.com
2024-01-22,90c54a5b,Mary,Jones,InnovateLtd,mary.jones@innovateltd.com
2024-01-22,90c54a5b,Patricia,Johnson,DataInsights,patricia.johnson@datainsights.com
2024-01-22,90c54a5b,Mary,Jones,DataInsights,mary.jones@datainsights.com
2024-01-22,90c54a5b,Patricia,Johnson,TechCo,patricia.johnson@techco.com
2024-01-29,97a652a6,Robert,Jones,FutureTech,robert.jones@futuretech.com
2024-01-29,97a652a6,Jennifer,Jones,GlobalSolutions,jennifer.jones@globalsolutions.com
2024-01-29,97a652a6,John,Jones,InnovateLtd,john.jones@innovateltd.com
2024-01-29,97a652a6,Patricia,Brown,FutureTech,patricia.brown@futuretech.com
2024-01-29,97a652a6,Mary,Smith,GlobalSolutions,mary.smith@globalsolutions.com
2024-01-29,97a652a6,Jennifer,Jones,TechCo,jennifer.jones@techco.com
2024-01-29,97a652a6,Robert,Williams,TechCo,robert.williams@techco.com
2024-01-29,97a652a6,James,Williams,DataInsights,james.williams@datainsights.com
2024-01-29,97a652a6,John,Brown,FutureTech,john.brown@futuretech.com
2024-01-29,97a652a6,Jennifer,Davis,FutureTech,jennifer.davis@futuretech.com
2024-02-05,3daa35f3,John,Johnson,TechCo,john.johnson@techco.com
2024-02-05,3daa35f3,Robert,Williams,InnovateLtd,robert.williams@innovateltd.com
2024-02-05,3daa35f3,Jennifer,Smith,DataInsights,jennifer.smith@datainsights.com
2024-02-05,3daa35f3,Robert,Davis,GlobalSolutions,robert.davis@globalsolutions.com
2024-02-05,3daa35f3,Patricia,Davis,TechCo,patricia.davis@techco.com
2024-02-05,3daa35f3,John,Johnson,DataInsights,john.johnson@datainsights.com
2024-02-05,3daa35f3,James,Smith,TechCo,james.smith@techco.com
2024-02-05,3daa35f3,Jennifer,Brown,InnovateLtd,jennifer.brown@innovateltd.com
2024-02-05,3daa35f3,Jennifer,Johnson,GlobalSolutions,jennifer.johnson@globalsolutions.com
2024-02-05,3daa35f3,Patricia,Williams,TechCo,patricia.williams@techco.com
2024-02-12,ef0299f5,John,Davis,DataInsights,john.davis@datainsights.com
2024-02-12,ef0299f5,Patricia,Smith,FutureTech,patricia.smith@futuretech.com
2024-02-12,ef0299f5,Patricia,Brown,TechCo,patricia.brown@techco.com
2024-02-12,ef0299f5,Mary,Jones,GlobalSolutions,mary.jones@globalsolutions.com
2024-02-12,ef0299f5,Jennifer,Brown,TechCo,jennifer.brown@techco.com
2024-02-12,ef0299f5,Patricia,Johnson,InnovateLtd,patricia.johnson@innovateltd.com
2024-02-12,ef0299f5,Patricia,Johnson,TechCo,patricia.johnson@techco.com
2024-02-12,ef0299f5,James,Brown,TechCo,james.brown@techco.com
2024-02-12,ef0299f5,Patricia,Davis,GlobalSolutions,patricia.davis@globalsolutions.com
2024-02-12,ef0299f5,Patricia,Williams,GlobalSolutions,patricia.williams@globalsolutions.com
2024-02-19,2fa8b29a,Jennifer,Johnson,GlobalSolutions,jennifer.johnson@globalsolutions.com
2024-02-19,2fa8b29a,James,Johnson,TechCo,james.johnson@techco.com
2024-02-19,2fa8b29a,James,Johnson,InnovateLtd,james.johnson@innovateltd.com
2024-02-19,2fa8b29a,Robert,Davis,FutureTech,robert.davis@futuretech.com
2024-02-19,2fa8b29a,Jennifer,Johnson,FutureTech,jennifer.johnson@futuretech.com
2024-02-19,2fa8b29a,John,Smith,TechCo,john.smith@techco.com
2024-02-19,2fa8b29a,John,Williams,TechCo,john.williams@techco.com
2024-02-19,2fa8b29a,James,Jones,GlobalSolutions,james.jones@globalsolutions.com
2024-02-19,2fa8b29a,Jennifer,Smith,FutureTech,jennifer.smith@futuretech.com
2024-02-19,2fa8b29a,John,Jones,InnovateLtd,john.jones@innovateltd.com
2024-02-26,8166aa79,Mary,Jones,FutureTech,mary.jones@futuretech.com
2024-02-26,8166aa79,James,Davis,FutureTech,james.davis@futuretech.com
2024-02-26,8166aa79,Mary,Jones,GlobalSolutions,mary.jones@globalsolutions.com
2024-02-26,8166aa79,Robert,Davis,InnovateLtd,robert.davis@innovateltd.com
2024-02-26,8166aa79,Patricia,Johnson,GlobalSolutions,patricia.johnson@globalsolutions.com
2024-02-26,8166aa79,Patricia,Williams,DataInsights,patricia.williams@datainsights.com
2024-02-26,8166aa79,Mary,Jones,InnovateLtd,mary.jones@innovateltd.com
2024-02-26,8166aa79,Jennifer,Davis,TechCo,jennifer.davis@techco.com
2024-02-26,8166aa79,James,Johnson,FutureTech,james.johnson@futuretech.com
2024-02-26,8166aa79,Patricia,Davis,GlobalSolutions,patricia.davis@globalsolutions.com
2024-03-04,26f72f1c,Mary,Jones,DataInsights,mary.jones@datainsights.com
2024-03-04,26f72f1c,Robert,Johnson,TechCo,robert.johnson@techco.com
2024-03-04,26f72f1c,John,Davis,GlobalSolutions,john.davis@globalsolutions.com
2024-03-04,26f72f1c,Mary,Johnson,DataInsights,mary.johnson@datainsights.com
2024-03-04,26f72f1c,Robert,Williams,InnovateLtd,robert.williams@innovateltd.com
2024-03-04,26f72f1c,James,Brown,TechCo,james.brown@techco.com
2024-03-04,26f72f1c,Mary,Smith,FutureTech,mary.smith@futuretech.com
2024-03-04,26f72f1c,Patricia,Brown,InnovateLtd,patricia.brown@innovateltd.com
2024-03-04,26f72f1c,Jennifer,Smith,InnovateLtd,jennifer.smith@innovateltd.com
2024-03-04,26f72f1c,Jennifer,Williams,DataInsights,jennifer.williams@datainsights.com
2024-03-11,93750292,James,Williams,GlobalSolutions,james.williams@globalsolutions.com
2024-03-11,93750292,Patricia,Brown,TechCo,patricia.brown@techco.com
2024-03-11,93750292,Robert,Johnson,GlobalSolutions,robert.johnson@globalsolutions.com
2024-03-11,93750292,Patricia,Johnson,InnovateLtd,patricia.johnson@innovateltd.com
2024-03-11,93750292,Robert,Williams,TechCo,robert.williams@techco.com
2024-03-11,93750292,Patricia,Johnson,FutureTech,patricia.johnson@futuretech.com
2024-03-11,93750292,James,Johnson,TechCo,james.johnson@techco.com
2024-03-11,93750292,John,Davis,FutureTech,john.davis@futuretech.com
2024-03-11,93750292,Patricia,Brown,FutureTech,patricia.brown@futuretech.com
2024-03-11,93750292,Mary,Jones,TechCo,mary.jones@techco.com
2024-03-18,8270e295,Robert,Johnson,DataInsights,robert.johnson@datainsights.com
2024-03-18,8270e295,Mary,Smith,InnovateLtd,mary.smith@innovateltd.com
2024-03-18,8270e295,Robert,Brown,FutureTech,robert.brown@futuretech.com
2024-03-18,8270e295,Mary,Brown,GlobalSolutions,mary.brown@globalsolutions.com
2024-03-18,8270e295,James,Smith,TechCo,james.smith@techco.com
2024-03-18,8270e295,James,Johnson,FutureTech,james.johnson@futuretech.com
2024-03-18,8270e295,James,Williams,DataInsights,james.williams@datainsights.com
2024-03-18,8270e295,John,Jones,FutureTech,john.jones@futuretech.com
2024-03-18,8270e295,John,Johnson,TechCo,john.johnson@techco.com
2024-03-18,8270e295,Mary,Johnson,InnovateLtd,mary.johnson@innovateltd.com
2024-03-25,da18f314,John,Jones,GlobalSolutions,john.jones@globalsolutions.com
2024-03-25,da18f314,James,Williams,TechCo,james.williams@techco.com
2024-03-25,da18f314,John,Jones,TechCo,john.jones@techco.com
2024-03-25,da18f314,Patricia,Brown,FutureTech,patricia.brown@futuretech.com
2024-03-25,da18f314,John,Davis,FutureTech,john.davis@futuretech.com
2024-03-25,da18f314,Jennifer,Williams,TechCo,jennifer.williams@techco.com
2024-03-25,da18f314,Robert,Brown,GlobalSolutions,robert.brown@globalsolutions.com
2024-03-25,da18f314,James,Williams,InnovateLtd,james.williams@innovateltd.com
2024-03-25,da18f314,Mary,Brown,InnovateLtd,mary.brown@innovateltd.com
2024-03-25,da18f314,Patricia,Johnson,FutureTech,patricia.johnson@futuretech.com
2024-04-01,5bb3279b,Jennifer,Brown,FutureTech,jennifer.brown@futuretech.com
2024-04-01,5bb3279b,Patricia,Williams,InnovateLtd,patricia.williams@innovateltd.com
2024-04-01,5bb3279b,Mary,Williams,GlobalSolutions,mary.williams@globalsolutions.com
2024-04-01,5bb3279b,Robert,Smith,GlobalSolutions,robert.smith@globalsolutions.com
2024-04-01,5bb3279b,Mary,Williams,GlobalSolutions,mary.williams@globalsolutions.com
2024-04-01,5bb3279b,Patricia,Williams,GlobalSolutions,patricia.williams@globalsolutions.com
2024-04-01,5bb3279b,James,Brown,InnovateLtd,james.brown@innovateltd.com
2024-04-01,5bb3279b,John,Williams,GlobalSolutions,john.williams@globalsolutions.com
2024-04-01,5bb3279b,James,Smith,TechCo,james.smith@techco.com
2024-04-01,5bb3279b,Robert,Brown,TechCo,robert.brown@techco.com
2024-04-08,6f25d414,John,Johnson,GlobalSolutions,john.johnson@globalsolutions.com
2024-04-08,6f25d414,Mary,Davis,TechCo,mary.davis@techco.com
2024-04-08,6f25d414,Mary,Williams,DataInsights,mary.williams@datainsights.com
2024-04-08,6f25d414,Patricia,Brown,DataInsights,patricia.brown@datainsights.com
2024-04-08,6f25d414,James,Brown,DataInsights,james.brown@datainsights.com
2024-04-08,6f25d414,Robert,Johnson,TechCo,robert.johnson@techco.com
2024-04-08,6f25d414,Robert,Williams,FutureTech,robert.williams@futuretech.com
2024-04-08,6f25d414,Jennifer,Davis,GlobalSolutions,jennifer.davis@globalsolutions.com
2024-04-08,6f25d414,Jennifer,Williams,GlobalSolutions,jennifer.williams@globalsolutions.com
2024-04-08,6f25d414,Robert,Jones,GlobalSolutions,robert.jones@globalsolutions.com
2024-04-15,efbe2f4f,Jennifer,Johnson,FutureTech,jennifer.johnson@futuretech.com
2024-04-15,efbe2f4f,Jennifer,Jones,GlobalSolutions,jennifer.jones@globalsolutions.com
2024-04-15,efbe2f4f,James,Jones,TechCo,james.jones@techco.com
2024-04-15,efbe2f4f,Mary,Williams,DataInsights,mary.williams@datainsights.com
2024-04-15,efbe2f4f,Jennifer,Smith,FutureTech,jennifer.smith@futuretech.com
2024-04-15,efbe2f4f,Jennifer,Williams,GlobalSolutions,jennifer.williams@globalsolutions.com
2024-04-15,efbe2f4f,Mary,Brown,GlobalSolutions,mary.brown@globalsolutions.com
2024-04-15,efbe2f4f,Jennifer,Jones,DataInsights,jennifer.jones@datainsights.com
2024-04-15,efbe2f4f,Robert,Brown,GlobalSolutions,robert.brown@globalsolutions.com
2024-04-15,efbe2f4f,James,Davis,TechCo,james.davis@techco.com
2024-04-22,bf52ccd4,Jennifer,Brown,DataInsights,jennifer.brown@datainsights.com
2024-04-22,bf52ccd4,Jennifer,Smith,GlobalSolutions,jennifer.smith@globalsolutions.com
2024-04-22,bf52ccd4,Patricia,Davis,GlobalSolutions,patricia.davis@globalsolutions.com
2024-04-22,bf52ccd4,Patricia,Jones,GlobalSolutions,patricia.jones@globalsolutions.com
2024-04-22,bf52ccd4,Mary,Smith,DataInsights,mary.smith@datainsights.com
2024-04-22,bf52ccd4,Mary,Jones,FutureTech,mary.jones@futuretech.com
2024-04-22,bf52ccd4,John,Johnson,FutureTech,john.johnson@futuretech.com
2024-04-22,bf52ccd4,Mary,Williams,InnovateLtd,mary.williams@innovateltd.com
2024-04-22,bf52ccd4,Robert,Smith,GlobalSolutions,robert.smith@globalsolutions.com
2024-04-22,bf52ccd4,James,Williams,InnovateLtd,james.williams@innovateltd.com
2024-04-29,db16d5c7,Robert,Davis,InnovateLtd,robert.davis@innovateltd.com
2024-04-29,db16d5c7,James,Davis,GlobalSolutions,james.davis@globalsolutions.com
2024-04-29,db16d5c7,Mary,Jones,TechCo,mary.jones@techco.com
2024-04-29,db16d5c7,Jennifer,Jones,GlobalSolutions,jennifer.jones@globalsolutions.com
2024-04-29,db16d5c7,Jennifer,Johnson,TechCo,jennifer.johnson@techco.com
2024-04-29,db16d5c7,Robert,Johnson,GlobalSolutions,robert.johnson@globalsolutions.com
2024-04-29,db16d5c7,Mary,Johnson,GlobalSolutions,mary.johnson@globalsolutions.com
2024-04-29,db16d5c7,Robert,Smith,InnovateLtd,robert.smith@innovateltd.com
2024-04-29,db16d5c7,Mary,Williams,FutureTech,mary.williams@futuretech.com
2024-04-29,db16d5c7,Patricia,Johnson,InnovateLtd,patricia.johnson@innovateltd.com
2024-05-06,36a24d0c,Robert,Johnson,DataInsights,robert.johnson@datainsights.com
2024-05-06,36a24d0c,Mary,Johnson,InnovateLtd,mary.johnson@innovateltd.com
2024-05-06,36a24d0c,Patricia,Smith,FutureTech,patricia.smith@futuretech.com
2024-05-06,36a24d0c,James,Jones,FutureTech,james.jones@futuretech.com
2024-05-06,36a24d0c,Patricia,Smith,InnovateLtd,patricia.smith@innovateltd.com
2024-05-06,36a24d0c,Mary,Johnson,InnovateLtd,mary.johnson@innovateltd.com
2024-05-06,36a24d0c,John,Davis,TechCo,john.davis@techco.com
2024-05-06,36a24d0c,Robert,Jones,FutureTech,robert.jones@futuretech.com
2024-05-06,36a24d0c,Robert,Williams,DataInsights,robert.williams@datainsights.com
2024-05-06,36a24d0c,Patricia,Williams,GlobalSolutions,patricia.williams@globalsolutions.com
2024-05-13,f6fa9753,John,Brown,InnovateLtd,john.brown@innovateltd.com
2024-05-13,f6fa9753,Jennifer,Jones,GlobalSolutions,jennifer.jones@globalsolutions.com
2024-05-13,f6fa9753,James,Brown,FutureTech,james.brown@futuretech.com
2024-05-13,f6fa9753,Robert,Williams,TechCo,robert.williams@techco.com
2024-05-13,f6fa9753,Jennifer,Smith,DataInsights,jennifer.smith@datainsights.com
2024-05-13,f6fa9753,Mary,Smith,DataInsights,mary.smith@datainsights.com
2024-05-13,f6fa9753,Mary,Williams,GlobalSolutions,mary.williams@globalsolutions.com
2024-05-13,f6fa9753,James,Smith,FutureTech,james.smith@futuretech.com
2024-05-13,f6fa9753,Jennifer,Jones,GlobalSolutions,jennifer.jones@globalsolutions.com
2024-05-13,f6fa9753,Jennifer,Smith,FutureTech,jennifer.smith@futuretech.com
2024-05-20,d7482872,Robert,Smith,FutureTech,robert.smith@futuretech.com
2024-05-20,d7482872,Jennifer,Davis,TechCo,jennifer.davis@techco.com
2024-05-20,d7482872,John,Johnson,DataInsights,john.johnson@datainsights.com
2024-05-20,d7482872,Robert,Jones,TechCo,robert.jones@techco.com
2024-05-20,d7482872,James,Davis,TechCo,james.davis@techco.com
2024-05-20,d7482872,Mary,Smith,DataInsights,mary.smith@datainsights.com
2024-05-20,d7482872,Mary,Davis,InnovateLtd,mary.davis@innovateltd.com
2024-05-20,d7482872,Jennifer,Davis,GlobalSolutions,jennifer.davis@globalsolutions.com
2024-05-20,d7482872,John,Johnson,TechCo,john.johnson@techco.com
2024-05-20,d7482872,James,Davis,GlobalSolutions,james.davis@globalsolutions.com
2024-05-27,94a8441d,James,Brown,FutureTech,james.brown@futuretech.com
2024-05-27,94a8441d,James,Jones,DataInsights,james.jones@datainsights.com
2024-05-27,94a8441d,Robert,Brown,FutureTech,robert.brown@futuretech.com
2024-05-27,94a8441d,Patricia,Brown,TechCo,patricia.brown@techco.com
2024-05-27,94a8441d,Patricia,Smith,InnovateLtd,patricia.smith@innovateltd.com
2024-05-27,94a8441d,James,Smith,GlobalSolutions,james.smith@globalsolutions.com
2024-05-27,94a8441d,James,Williams,InnovateLtd,james.williams@innovateltd.com
2024-05-27,94a8441d,Robert,Brown,TechCo,robert.brown@techco.com
2024-05-27,94a8441d,Patricia,Davis,DataInsights,patricia.davis@datainsights.com
2024-05-27,94a8441d,Patricia,Williams,GlobalSolutions,patricia.williams@globalsolutions.com
2024-06-03,f7898fee,Robert,Johnson,TechCo,robert.johnson@techco.com
2024-06-03,f7898fee,James,Davis,TechCo,james.davis@techco.com
2024-06-03,f7898fee,Patricia,Brown,GlobalSolutions,patricia.brown@globalsolutions.com
2024-06-03,f7898fee,Robert,Davis,TechCo,robert.davis@techco.com
2024-06-03,f7898fee,Mary,Brown,TechCo,mary.brown@techco.com
2024-06-03,f7898fee,Patricia,Davis,DataInsights,patricia.davis@datainsights.com
2024-06-03,f7898fee,John,Davis,FutureTech,john.davis@futuretech.com
2024-06-03,f7898fee,Jennifer,Johnson,DataInsights,jennifer.johnson@datainsights.com
2024-06-03,f7898fee,Patricia,Smith,InnovateLtd,patricia.smith@innovateltd.com
2024-06-03,f7898fee,John,Jones,TechCo,john.jones@techco.com
2024-06-10,f3fc6b27,Robert,Johnson,GlobalSolutions,robert.johnson@globalsolutions.com
2024-06-10,f3fc6b27,Mary,Johnson,DataInsights,mary.johnson@datainsights.com
2024-06-10,f3fc6b27,James,Smith,FutureTech,james.smith@futuretech.com
2024-06-10,f3fc6b27,Jennifer,Williams,DataInsights,jennifer.williams@datainsights.com
2024-06-10,f3fc6b27,Robert,Smith,InnovateLtd,robert.smith@innovateltd.com
2024-06-10,f3fc6b27,Robert,Williams,FutureTech,robert.williams@futuretech.com
2024-06-10,f3fc6b27,Jennifer,Jones,DataInsights,jennifer.jones@datainsights.com
2024-06-10,f3fc6b27,Jennifer,Brown,DataInsights,jennifer.brown@datainsights.com
2024-06-10,f3fc6b27,Jennifer,Williams,GlobalSolutions,jennifer.williams@globalsolutions.com
2024-06-10,f3fc6b27,John,Brown,GlobalSolutions,john.brown@globalsolutions.com
2024-06-17,d7d6d0a9,John,Johnson,DataInsights,john.johnson@datainsights.com
2024-06-17,d7d6d0a9,Patricia,Davis,GlobalSolutions,patricia.davis@globalsolutions.com
2024-06-17,d7d6d0a9,John,Johnson,TechCo,john.johnson@techco.com
2024-06-17,d7d6d0a9,James,Jones,DataInsights,james.jones@datainsights.com
2024-06-17,d7d6d0a9,Mary,Williams,FutureTech,mary.williams@futuretech.com
2024-06-17,d7d6d0a9,Jennifer,Smith,GlobalSolutions,jennifer.smith@globalsolutions.com
2024-06-17,d7d6d0a9,Robert,Jones,DataInsights,robert.jones@datainsights.com
2024-06-17,d7d6d0a9,Patricia,Smith,GlobalSolutions,patricia.smith@globalsolutions.com
2024-06-17,d7d6d0a9,John,Williams,InnovateLtd,john.williams@innovateltd.com
2024-06-17,d7d6d0a9,Jennifer,Johnson,DataInsights,jennifer.johnson@datainsights.com
2024-06-24,097fd5fc,James,Smith,DataInsights,james.smith@datainsights.com
2024-06-24,097fd5fc,Patricia,Davis,InnovateLtd,patricia.davis@innovateltd.com
2024-06-24,097fd5fc,Robert,Brown,GlobalSolutions,robert.brown@globalsolutions.com
2024-06-24,097fd5fc,Patricia,Davis,GlobalSolutions,patricia.davis@globalsolutions.com
2024-06-24,097fd5fc,James,Davis,InnovateLtd,james.davis@innovateltd.com
2024-06-24,097fd5fc,John,Brown,TechCo,john.brown@techco.com
2024-06-24,097fd5fc,Patricia,Williams,InnovateLtd,patricia.williams@innovateltd.com
2024-06-24,097fd5fc,Jennifer,Davis,FutureTech,jennifer.davis@futuretech.com
2024-06-24,097fd5fc,Mary,Jones,InnovateLtd,mary.jones@innovateltd.com
2024-06-24,097fd5fc,Robert,Smith,TechCo,robert.smith@techco.com
2024-07-01,be51a442,Robert,Johnson,FutureTech,robert.johnson@futuretech.com
2024-07-01,be51a442,Mary,Johnson,InnovateLtd,mary.johnson@innovateltd.com
2024-07-01,be51a442,Robert,Smith,DataInsights,robert.smith@datainsights.com
2024-07-01,be51a442,Mary,Smith,FutureTech,mary.smith@futuretech.com
2024-07-01,be51a442,Patricia,Smith,InnovateLtd,patricia.smith@innovateltd.com
2024-07-01,be51a442,James,Jones,DataInsights,james.jones@datainsights.com
2024-07-01,be51a442,Patricia,Jones,TechCo,patricia.jones@techco.com
2024-07-01,be51a442,Jennifer,Brown,TechCo,jennifer.brown@techco.com
2024-07-01,be51a442,James,Smith,FutureTech,james.smith@futuretech.com
2024-07-01,be51a442,James,Jones,GlobalSolutions,james.jones@globalsolutions.com
2024-07-08,efb18d6e,Jennifer,Davis,FutureTech,jennifer.davis@futuretech.com
2024-07-08,efb18d6e,Jennifer,Jones,FutureTech,jennifer.jones@futuretech.com
2024-07-08,efb18d6e,John,Brown,TechCo,john.brown@techco.com
2024-07-08,efb18d6e,Mary,Jones,InnovateLtd,mary.jones@innovateltd.com
2024-07-08,efb18d6e,John,Smith,InnovateLtd,john.smith@innovateltd.com
2024-07-08,efb18d6e,Mary,Johnson,GlobalSolutions,mary.johnson@globalsolutions.com
2024-07-08,efb18d6e,Jennifer,Brown,DataInsights,jennifer.brown@datainsights.com
2024-07-08,efb18d6e,Patricia,Davis,TechCo,patricia.davis@techco.com
2024-07-08,efb18d6e,James,Johnson,FutureTech,james.johnson@futuretech.com
2024-07-08,efb18d6e,Jennifer,Jones,DataInsights,jennifer.jones@datainsights.com
2024-07-15,71d716fa,Robert,Smith,GlobalSolutions,robert.smith@globalsolutions.com
2024-07-15,71d716fa,John,Davis,FutureTech,john.davis@futuretech.com
2024-07-15,71d716fa,James,Davis,DataInsights,james.davis@datainsights.com
2024-07-15,71d716fa,Patricia,Smith,FutureTech,patricia.smith@futuretech.com
2024-07-15,71d716fa,John,Jones,InnovateLtd,john.jones@innovateltd.com
2024-07-15,71d716fa,John,Brown,InnovateLtd,john.brown@innovateltd.com
2024-07-15,71d716fa,James,Brown,DataInsights,james.brown@datainsights.com
2024-07-15,71d716fa,John,Smith,InnovateLtd,john.smith@innovateltd.com
2024-07-15,71d716fa,Jennifer,Williams,GlobalSolutions,jennifer.williams@globalsolutions.com
2024-07-15,71d716fa,Robert,Smith,GlobalSolutions,robert.smith@globalsolutions.com
2024-07-22,b135910d,Robert,Williams,TechCo,robert.williams@techco.com
2024-07-22,b135910d,John,Brown,DataInsights,john.brown@datainsights.com
2024-07-22,b135910d,Mary,Brown,DataInsights,mary.brown@datainsights.com
2024-07-22,b135910d,Robert,Smith,InnovateLtd,robert.smith@innovateltd.com
2024-07-22,b135910d,John,Johnson,InnovateLtd,john.johnson@innovateltd.com
2024-07-22,b135910d,John,Brown,GlobalSolutions,john.brown@globalsolutions.com
2024-07-22,b135910d,Robert,Johnson,TechCo,robert.johnson@techco.com
2024-07-22,b135910d,John,Jones,DataInsights,john.jones@datainsights.com
2024-07-22,b135910d,Jennifer,Jones,FutureTech,jennifer.jones@futuretech.com
2024-07-22,b135910d,Robert,Johnson,InnovateLtd,robert.johnson@innovateltd.com
2024-07-29,a389057a,John,Brown,GlobalSolutions,john.brown@globalsolutions.com
2024-07-29,a389057a,Mary,Jones,DataInsights,mary.jones@datainsights.com
2024-07-29,a389057a,Jennifer,Davis,InnovateLtd,jennifer.davis@innovateltd.com
2024-07-29,a389057a,Patricia,Davis,DataInsights,patricia.davis@datainsights.com
2024-07-29,a389057a,Mary,Davis,InnovateLtd,mary.davis@innovateltd.com
2024-07-29,a389057a,Robert,Smith,TechCo,robert.smith@techco.com
2024-07-29,a389057a,John,Smith,DataInsights,john.smith@datainsights.com
2024-07-29,a389057a,Jennifer,Brown,InnovateLtd,jennifer.brown@innovateltd.com
2024-07-29,a389057a,James,Brown,FutureTech,james.brown@futuretech.com
2024-07-29,a389057a,Mary,Brown,InnovateLtd,mary.brown@innovateltd.com
2024-08-05,baad634c,John,Smith,TechCo,john.smith@techco.com
2024-08-05,baad634c,John,Williams,TechCo,john.williams@techco.com
2024-08-05,baad634c,John,Johnson,DataInsights,john.johnson@datainsights.com
2024-08-05,baad634c,James,Jones,DataInsights,james.jones@datainsights.com
2024-08-05,baad634c,Mary,Brown,InnovateLtd,mary.brown@innovateltd.com
2024-08-05,baad634c,John,Jones,DataInsights,john.jones@datainsights.com
2024-08-05,baad634c,John,Brown,GlobalSolutions,john.brown@globalsolutions.com
2024-08-05,baad634c,Patricia,Jones,FutureTech,patricia.jones@futuretech.com
2024-08-05,baad634c,James,Brown,InnovateLtd,james.brown@innovateltd.com
2024-08-05,baad634c,John,Brown,InnovateLtd,john.brown@innovateltd.com
2024-08-12,e2058fff,Robert,Brown,GlobalSolutions,robert.brown@globalsolutions.com
2024-08-12,e2058fff,John,Williams,GlobalSolutions,john.williams@globalsolutions.com
2024-08-12,e2058fff,Jennifer,Johnson,DataInsights,jennifer.johnson@datainsights.com
2024-08-12,e2058fff,Patricia,Smith,DataInsights,patricia.smith@datainsights.com
2024-08-12,e2058fff,John,Johnson,GlobalSolutions,john.johnson@globalsolutions.com
2024-08-12,e2058fff,Jennifer,Johnson,DataInsights,jennifer.johnson@datainsights.com
2024-08-12,e2058fff,Jennifer,Smith,GlobalSolutions,jennifer.smith@globalsolutions.com
2024-08-12,e2058fff,James,Brown,DataInsights,james.brown@datainsights.com
2024-08-12,e2058fff,Robert,Smith,TechCo,robert.smith@techco.com
2024-08-12,e2058fff,Jennifer,Brown,InnovateLtd,jennifer.brown@innovateltd.com
2024-08-19,1d25c05d,James,Brown,DataInsights,james.brown@datainsights.com
2024-08-19,1d25c05d,John,Jones,TechCo,john.jones@techco.com
2024-08-19,1d25c05d,Jennifer,Williams,InnovateLtd,jennifer.williams@innovateltd.com
2024-08-19,1d25c05d,Mary,Jones,GlobalSolutions,mary.jones@globalsolutions.com
2024-08-19,1d25c05d,Patricia,Johnson,TechCo,patricia.johnson@techco.com
2024-08-19,1d25c05d,John,Johnson,TechCo,john.johnson@techco.com
2024-08-19,1d25c05d,James,Smith,FutureTech,james.smith@futuretech.com
2024-08-19,1d25c05d,John,Williams,FutureTech,john.williams@futuretech.com
2024-08-19,1d25c05d,James,Davis,TechCo,james.davis@techco.com
2024-08-19,1d25c05d,Jennifer,Davis,InnovateLtd,jennifer.davis@innovateltd.com
2024-08-26,fb3483f1,Jennifer,Smith,GlobalSolutions,jennifer.smith@globalsolutions.com
2024-08-26,fb3483f1,Patricia,Brown,TechCo,patricia.brown@techco.com
2024-08-26,fb3483f1,Robert,Jones,FutureTech,robert.jones@futuretech.com
2024-08-26,fb3483f1,Robert,Jones,GlobalSolutions,robert.jones@globalsolutions.com
2024-08-26,fb3483f1,John,Williams,FutureTech,john.williams@futuretech.com
2024-08-26,fb3483f1,Jennifer,Williams,GlobalSolutions,jennifer.williams@globalsolutions.com
2024-08-26,fb3483f1,Jennifer,Smith,DataInsights,jennifer.smith@datainsights.com
2024-08-26,fb3483f1,Mary,Johnson,DataInsights,mary.johnson@datainsights.com
2024-08-26,fb3483f1,James,Davis,FutureTech,james.davis@futuretech.com
2024-08-26,fb3483f1,Patricia,Jones,InnovateLtd,patricia.jones@innovateltd.com
2024-09-02,7df95d88,Jennifer,Johnson,FutureTech,jennifer.johnson@futuretech.com
2024-09-02,7df95d88,James,Williams,TechCo,james.williams@techco.com
2024-09-02,7df95d88,Jennifer,Johnson,InnovateLtd,jennifer.johnson@innovateltd.com
2024-09-02,7df95d88,Patricia,Williams,FutureTech,patricia.williams@futuretech.com
2024-09-02,7df95d88,Jennifer,Jones,InnovateLtd,jennifer.jones@innovateltd.com
2024-09-02,7df95d88,James,Williams,GlobalSolutions,james.williams@globalsolutions.com
2024-09-02,7df95d88,John,Jones,FutureTech,john.jones@futuretech.com
2024-09-02,7df95d88,John,Davis,DataInsights,john.davis@datainsights.com
2024-09-02,7df95d88,Patricia,Smith,TechCo,patricia.smith@techco.com
2024-09-02,7df95d88,Robert,Johnson,InnovateLtd,robert.johnson@innovateltd.com
2024-09-09,942e66bb,Robert,Williams,TechCo,robert.williams@techco.com
2024-09-09,942e66bb,Jennifer,Smith,DataInsights,jennifer.smith@datainsights.com
2024-09-09,942e66bb,John,Williams,DataInsights,john.williams@datainsights.com
2024-09-09,942e66bb,Jennifer,Johnson,FutureTech,jennifer.johnson@futuretech.com
2024-09-09,942e66bb,Jennifer,Davis,InnovateLtd,jennifer.davis@innovateltd.com
2024-09-09,942e66bb,John,Johnson,InnovateLtd,john.johnson@innovateltd.com
2024-09-09,942e66bb,James,Williams,FutureTech,james.williams@futuretech.com
2024-09-09,942e66bb,Robert,Brown,TechCo,robert.brown@techco.com
2024-09-09,942e66bb,James,Jones,DataInsights,james.jones@datainsights.com
2024-09-09,942e66bb,Robert,Davis,GlobalSolutions,robert.davis@globalsolutions.com
2024-09-16,ec188f5a,Patricia,Jones,GlobalSolutions,patricia.jones@globalsolutions.com
2024-09-16,ec188f5a,James,Jones,DataInsights,james.jones@datainsights.com
2024-09-16,ec188f5a,Patricia,Smith,DataInsights,patricia.smith@datainsights.com
2024-09-16,ec188f5a,Patricia,Johnson,FutureTech,patricia.johnson@futuretech.com
2024-09-16,ec188f5a,John,Williams,FutureTech,john.williams@futuretech.com
2024-09-16,ec188f5a,Robert,Jones,GlobalSolutions,robert.jones@globalsolutions.com
2024-09-16,ec188f5a,Robert,Brown,TechCo,robert.brown@techco.com
2024-09-16,ec188f5a,Patricia,Smith,FutureTech,patricia.smith@futuretech.com
2024-09-16,ec188f5a,John,Brown,GlobalSolutions,john.brown@globalsolutions.com
2024-09-16,ec188f5a,John,Davis,FutureTech,john.davis@futuretech.com
2024-09-23,d4294628,John,Williams,InnovateLtd,john.williams@innovateltd.com
2024-09-23,d4294628,Jennifer,Smith,DataInsights,jennifer.smith@datainsights.com
2024-09-23,d4294628,Patricia,Johnson,DataInsights,patricia.johnson@datainsights.com
2024-09-23,d4294628,James,Jones,FutureTech,james.jones@futuretech.com
2024-09-23,d4294628,Mary,Williams,DataInsights,mary.williams@datainsights.com
2024-09-23,d4294628,Jennifer,Williams,GlobalSolutions,jennifer.williams@globalsolutions.com
2024-09-23,d4294628,Mary,Johnson,DataInsights,mary.johnson@datainsights.com
2024-09-23,d4294628,Robert,Johnson,DataInsights,robert.johnson@datainsights.com
2024-09-23,d4294628,Jennifer,Smith,GlobalSolutions,jennifer.smith@globalsolutions.com
2024-09-23,d4294628,Jennifer,Smith,GlobalSolutions,jennifer.smith@globalsolutions.com
2024-09-30,25e94119,Jennifer,Jones,GlobalSolutions,jennifer.jones@globalsolutions.com
2024-09-30,25e94119,Patricia,Davis,DataInsights,patricia.davis@datainsights.com
2024-09-30,25e94119,Robert,Davis,DataInsights,robert.davis@datainsights.com
2024-09-30,25e94119,Mary,Smith,FutureTech,mary.smith@futuretech.com
2024-09-30,25e94119,Robert,Jones,FutureTech,robert.jones@futuretech.com
2024-09-30,25e94119,Patricia,Johnson,InnovateLtd,patricia.johnson@innovateltd.com
2024-09-30,25e94119,James,Davis,GlobalSolutions,james.davis@globalsolutions.com
2024-09-30,25e94119,Robert,Jones,FutureTech,robert.jones@futuretech.com
2024-09-30,25e94119,James,Jones,DataInsights,james.jones@datainsights.com
2024-09-30,25e94119,John,Williams,GlobalSolutions,john.williams@globalsolutions.com
2024-10-07,b827e767,John,Williams,DataInsights,john.williams@datainsights.com
2024-10-07,b827e767,James,Davis,InnovateLtd,james.davis@innovateltd.com
2024-10-07,b827e767,John,Johnson,FutureTech,john.johnson@futuretech.com
2024-10-07,b827e767,Mary,Johnson,GlobalSolutions,mary.johnson@globalsolutions.com
2024-10-07,b827e767,John,Smith,FutureTech,john.smith@futuretech.com
2024-10-07,b827e767,James,Jones,InnovateLtd,james.jones@innovateltd.com
2024-10-07,b827e767,John,Brown,GlobalSolutions,john.brown@globalsolutions.com
2024-10-07,b827e767,Jennifer,Brown,InnovateLtd,jennifer.brown@innovateltd.com
2024-10-07,b827e767,John,Brown,GlobalSolutions,john.brown@globalsolutions.com
2024-10-07,b827e767,Patricia,Brown,InnovateLtd,patricia.brown@innovateltd.com
2024-10-14,e130d6fc,Mary,Brown,TechCo,mary.brown@techco.com
2024-10-14,e130d6fc,Jennifer,Johnson,TechCo,jennifer.johnson@techco.com
2024-10-14,e130d6fc,Mary,Brown,TechCo,mary.brown@techco.com
2024-10-14,e130d6fc,Mary,Jones,DataInsights,mary.jones@datainsights.com
2024-10-14,e130d6fc,James,Johnson,TechCo,james.johnson@techco.com
2024-10-14,e130d6fc,Jennifer,Brown,FutureTech,jennifer.brown@futuretech.com
2024-10-14,e130d6fc,Robert,Williams,DataInsights,robert.williams@datainsights.com
2024-10-14,e130d6fc,Patricia,Williams,TechCo,patricia.williams@techco.com
2024-10-14,e130d6fc,James,Davis,DataInsights,james.davis@datainsights.com
2024-10-14,e130d6fc,James,Jones,FutureTech,james.jones@futuretech.com
2024-10-21,32752f3d,John,Davis,GlobalSolutions,john.davis@globalsolutions.com
2024-10-21,32752f3d,Patricia,Johnson,DataInsights,patricia.johnson@datainsights.com
2024-10-21,32752f3d,Jennifer,Jones,GlobalSolutions,jennifer.jones@globalsolutions.com
2024-10-21,32752f3d,Jennifer,Davis,DataInsights,jennifer.davis@datainsights.com
2024-10-21,32752f3d,Mary,Smith,DataInsights,mary.smith@datainsights.com
2024-10-21,32752f3d,Jennifer,Brown,GlobalSolutions,jennifer.brown@globalsolutions.com
2024-10-21,32752f3d,Patricia,Davis,DataInsights,patricia.davis@datainsights.com
2024-10-21,32752f3d,John,Smith,InnovateLtd,john.smith@innovateltd.com
2024-10-21,32752f3d,Jennifer,Davis,InnovateLtd,jennifer.davis@innovateltd.com
2024-10-21,32752f3d,Mary,Johnson,DataInsights,mary.johnson@datainsights.com
2024-10-28,a43dd687,Robert,Brown,DataInsights,robert.brown@datainsights.com
2024-10-28,a43dd687,Jennifer,Williams,DataInsights,jennifer.williams@datainsights.com
2024-10-28,a43dd687,John,Williams,DataInsights,john.williams@datainsights.com
2024-10-28,a43dd687,Robert,Johnson,InnovateLtd,robert.johnson@innovateltd.com
2024-10-28,a43dd687,Robert,Brown,DataInsights,robert.brown@datainsights.com
2024-10-28,a43dd687,James,Jones,InnovateLtd,james.jones@innovateltd.com
2024-10-28,a43dd687,Mary,Brown,TechCo,mary.brown@techco.com
2024-10-28,a43dd687,John,Williams,InnovateLtd,john.williams@innovateltd.com
2024-10-28,a43dd687,James,Jones,InnovateLtd,james.jones@innovateltd.com
2024-10-28,a43dd687,Patricia,Johnson,TechCo,patricia.johnson@techco.com
2024-11-04,0bed428c,Patricia,Johnson,TechCo,patricia.johnson@techco.com
2024-11-04,0bed428c,James,Smith,GlobalSolutions,james.smith@globalsolutions.com
2024-11-04,0bed428c,Patricia,Smith,GlobalSolutions,patricia.smith@globalsolutions.com
2024-11-04,0bed428c,Mary,Jones,DataInsights,mary.jones@datainsights.com
2024-11-04,0bed428c,Jennifer,Davis,FutureTech,jennifer.davis@futuretech.com
2024-11-04,0bed428c,Jennifer,Jones,DataInsights,jennifer.jones@datainsights.com
2024-11-04,0bed428c,Robert,Brown,DataInsights,robert.brown@datainsights.com
2024-11-04,0bed428c,Jennifer,Davis,InnovateLtd,jennifer.davis@innovateltd.com
2024-11-04,0bed428c,Robert,Brown,InnovateLtd,robert.brown@innovateltd.com
2024-11-04,0bed428c,John,Jones,FutureTech,john.jones@futuretech.com
2024-11-11,4da444f1,Jennifer,Williams,DataInsights,jennifer.williams@datainsights.com
2024-11-11,4da444f1,Patricia,Smith,TechCo,patricia.smith@techco.com
2024-11-11,4da444f1,John,Smith,FutureTech,john.smith@futuretech.com
2024-11-11,4da444f1,John,Brown,FutureTech,john.brown@futuretech.com
2024-11-11,4da444f1,John,Brown,GlobalSolutions,john.brown@globalsolutions.com
2024-11-11,4da444f1,Patricia,Davis,GlobalSolutions,patricia.davis@globalsolutions.com
2024-11-11,4da444f1,John,Jones,DataInsights,john.jones@datainsights.com
2024-11-11,4da444f1,Robert,Williams,TechCo,robert.williams@techco.com
2024-11-11,4da444f1,John,Davis,GlobalSolutions,john.davis@globalsolutions.com
2024-11-11,4da444f1,Robert,Brown,GlobalSolutions,robert.brown@globalsolutions.com
2024-11-18,ea00c128,Mary,Brown,TechCo,mary.brown@techco.com
2024-11-18,ea00c128,Mary,Davis,TechCo,mary.davis@techco.com
2024-11-18,ea00c128,Mary,Jones,DataInsights,mary.jones@datainsights.com
2024-11-18,ea00c128,Patricia,Brown,DataInsights,patricia.brown@datainsights.com
2024-11-18,ea00c128,John,Johnson,FutureTech,john.johnson@futuretech.com
2024-11-18,ea00c128,Robert,Davis,InnovateLtd,robert.davis@innovateltd.com
2024-11-18,ea00c128,Robert,Jones,DataInsights,robert.jones@datainsights.com
2024-11-18,ea00c128,Jennifer,Johnson,GlobalSolutions,jennifer.johnson@globalsolutions.com
2024-11-18,ea00c128,Mary,Brown,FutureTech,mary.brown@futuretech.com
2024-11-18,ea00c128,Mary,Davis,DataInsights,mary.davis@datainsights.com
2024-11-25,27c39c61,Jennifer,Brown,FutureTech,jennifer.brown@futuretech.com
2024-11-25,27c39c61,Robert,Brown,InnovateLtd,robert.brown@innovateltd.com
2024-11-25,27c39c61,Robert,Davis,DataInsights,robert.davis@datainsights.com
2024-11-25,27c39c61,James,Smith,GlobalSolutions,james.smith@globalsolutions.com
2024-11-25,27c39c61,Patricia,Brown,DataInsights,patricia.brown@datainsights.com
2024-11-25,27c39c61,John,Davis,GlobalSolutions,john.davis@globalsolutions.com
2024-11-25,27c39c61,Mary,Johnson,GlobalSolutions,mary.johnson@globalsolutions.com
2024-11-25,27c39c61,Patricia,Johnson,FutureTech,patricia.johnson@futuretech.com
2024-11-25,27c39c61,Jennifer,Brown,DataInsights,jennifer.brown@datainsights.com
2024-11-25,27c39c61,Robert,Johnson,FutureTech,robert.johnson@futuretech.com
2024-12-02,d4b1e7b1,James,Davis,DataInsights,james.davis@datainsights.com
2024-12-02,d4b1e7b1,Mary,Brown,GlobalSolutions,mary.brown@globalsolutions.com
2024-12-02,d4b1e7b1,John,Smith,DataInsights,john.smith@datainsights.com
2024-12-02,d4b1e7b1,Mary,Johnson,TechCo,mary.johnson@techco.com
2024-12-02,d4b1e7b1,Patricia,Williams,TechCo,patricia.williams@techco.com
2024-12-02,d4b1e7b1,John,Williams,GlobalSolutions,john.williams@globalsolutions.com
2024-12-02,d4b1e7b1,Robert,Williams,InnovateLtd,robert.williams@innovateltd.com
2024-12-02,d4b1e7b1,Jennifer,Williams,DataInsights,jennifer.williams@datainsights.com
2024-12-02,d4b1e7b1,John,Jones,GlobalSolutions,john.jones@globalsolutions.com
2024-12-02,d4b1e7b1,John,Smith,GlobalSolutions,john.smith@globalsolutions.com
2024-12-09,2fe50e57,James,Brown,FutureTech,james.brown@futuretech.com
2024-12-09,2fe50e57,Patricia,Jones,FutureTech,patricia.jones@futuretech.com
2024-12-09,2fe50e57,James,Davis,FutureTech,james.davis@futuretech.com
2024-12-09,2fe50e57,Mary,Brown,DataInsights,mary.brown@datainsights.com
2024-12-09,2fe50e57,James,Johnson,FutureTech,james.johnson@futuretech.com
2024-12-09,2fe50e57,Patricia,Smith,GlobalSolutions,patricia.smith@globalsolutions.com
2024-12-09,2fe50e57,Mary,Jones,TechCo,mary.jones@techco.com
2024-12-09,2fe50e57,Jennifer,Smith,DataInsights,jennifer.smith@datainsights.com
2024-12-09,2fe50e57,Jennifer,Jones,FutureTech,jennifer.jones@futuretech.com
2024-12-09,2fe50e57,Robert,Williams,DataInsights,robert.williams@datainsights.com
2024-12-16,ce494c9c,Mary,Brown,GlobalSolutions,mary.brown@globalsolutions.com
2024-12-16,ce494c9c,James,Williams,GlobalSolutions,james.williams@globalsolutions.com
2024-12-16,ce494c9c,Robert,Brown,InnovateLtd,robert.brown@innovateltd.com
2024-12-16,ce494c9c,John,Brown,InnovateLtd,john.brown@innovateltd.com
2024-12-16,ce494c9c,Patricia,Johnson,InnovateLtd,patricia.johnson@innovateltd.com
2024-12-16,ce494c9c,Robert,Johnson,DataInsights,robert.johnson@datainsights.com
2024-12-16,ce494c9c,Mary,Jones,GlobalSolutions,mary.jones@globalsolutions.com
2024-12-16,ce494c9c,Patricia,Smith,InnovateLtd,patricia.smith@innovateltd.com
2024-12-16,ce494c9c,James,Brown,GlobalSolutions,james.brown@globalsolutions.com
2024-12-16,ce494c9c,John,Davis,GlobalSolutions,john.davis@globalsolutions.com
2024-12-23,6d80f7fc,John,Brown,InnovateLtd,john.brown@innovateltd.com
2024-12-23,6d80f7fc,Mary,Jones,TechCo,mary.jones@techco.com
2024-12-23,6d80f7fc,Patricia,Williams,GlobalSolutions,patricia.williams@globalsolutions.com
2024-12-23,6d80f7fc,James,Johnson,TechCo,james.johnson@techco.com
2024-12-23,6d80f7fc,Mary,Williams,TechCo,mary.williams@techco.com
2024-12-23,6d80f7fc,Jennifer,Jones,DataInsights,jennifer.jones@datainsights.com
2024-12-23,6d80f7fc,Mary,Williams,TechCo,mary.williams@techco.com
2024-12-23,6d80f7fc,Patricia,Smith,FutureTech,patricia.smith@futuretech.com
2024-12-23,6d80f7fc,John,Davis,InnovateLtd,john.davis@innovateltd.com
2024-12-23,6d80f7fc,Jennifer,Davis,DataInsights,jennifer.davis@datainsights.com
